{
  "index_patterns": ["wazuh-states-fim-files*"],
  "priority": 1,
  "template": {
    "settings": {
      "index": {
        "number_of_replicas": "0",
        "number_of_shards": "1",
        "query.default_field": [
          "agent.host.architecture",
          "agent.host.ip",
          "agent.id",
          "agent.name",
          "agent.version",
          "file.gid",
          "file.group",
          "file.hash.md5",
          "file.hash.sha1",
          "file.hash.sha256",
          "file.inode",
          "file.mtime",
          "file.owner",
          "file.path",
          "file.path.fields.text",
          "file.size",
          "file.uid",
          "wazuh.cluster.name",
          "wazuh.cluster.node",
          "wazuh.schema.version"
        ],
        "refresh_interval": "5s"
      }
    },
    "mappings": {
      "date_detection": false,
      "dynamic": "strict",
      "properties": {
        "agent": {
          "properties": {
            "host": {
              "properties": {
                "architecture": {
                  "ignore_above": 1024,
                  "type": "keyword"
                },
                "ip": {
                  "type": "ip"
                }
              }
            },
            "id": {
              "ignore_above": 1024,
              "type": "keyword"
            },
            "name": {
              "ignore_above": 1024,
              "type": "keyword"
            },
            "version": {
              "ignore_above": 1024,
              "type": "keyword"
            }
          }
        },
        "file": {
          "properties": {
            "gid": {
              "ignore_above": 1024,
              "type": "keyword"
            },
            "group": {
              "ignore_above": 1024,
              "type": "keyword"
            },
            "hash": {
              "properties": {
                "md5": {
                  "ignore_above": 1024,
                  "type": "keyword"
                },
                "sha1": {
                  "ignore_above": 1024,
                  "type": "keyword"
                },
                "sha256": {
                  "ignore_above": 1024,
                  "type": "keyword"
                }
              }
            },
            "inode": {
              "ignore_above": 1024,
              "type": "keyword"
            },
            "mtime": {
              "type": "date"
            },
            "owner": {
              "ignore_above": 1024,
              "type": "keyword"
            },
            "path": {
              "ignore_above": 1024,
              "type": "keyword"
            },
            "size": {
              "type": "long"
            },
            "uid": {
              "ignore_above": 1024,
              "type": "keyword"
            }
          }
        },
        "wazuh": {
          "properties": {
            "cluster": {
              "properties": {
                "name": {
                  "ignore_above": 1024,
                  "type": "keyword"
                },
                "node": {
                  "ignore_above": 1024,
                  "type": "keyword"
                }
              }
            },
            "schema": {
              "properties": {
                "version": {
                  "ignore_above": 1024,
                  "type": "keyword"
                }
              }
            }
          }
        }
      }
    }
  }
}
