[
  {
    "id": "action_001",
    "timestamp": "2025-01-15T08:23:16.500000+0000",
    "alert_id": "alert_001",
    "provider": "waf",
    "action_name": "block_ip",
    "parameters": {
      "ip": "45.142.214.123",
      "ttl_s": 1800,
      "ip_set_name": "Blocked-IPs"
    },
    "execution_status": "success",
    "execution_time_ms": 245,
    "result": {
      "ip_set_updated": true,
      "addresses_count": 1247,
      "lock_token": "abc123def456"
    },
    "expires_at": "2025-01-15T08:53:16.500000+0000",
    "dry_run": false
  },
  {
    "id": "action_002",
    "timestamp": "2025-01-15T08:23:17.200000+0000",
    "alert_id": "alert_001",
    "provider": "waf",
    "action_name": "challenge",
    "parameters": {
      "scope": "route",
      "route": "/ssh",
      "ttl_s": 900,
      "challenge_type": "captcha"
    },
    "execution_status": "success",
    "execution_time_ms": 189,
    "result": {
      "rule_updated": true,
      "web_acl": "production-webacl",
      "rule_priority": 100
    },
    "expires_at": "2025-01-15T08:38:17.200000+0000",
    "dry_run": false
  },
  {
    "id": "action_003",
    "timestamp": "2025-01-15T08:25:34.100000+0000",
    "alert_id": "alert_002",
    "provider": "waf",
    "action_name": "virtual_patch",
    "parameters": {
      "route": "/api/v1/login",
      "rule": "sqli_strict",
      "ttl_s": 3600
    },
    "execution_status": "success",
    "execution_time_ms": 312,
    "result": {
      "rule_created": true,
      "web_acl": "production-webacl",
      "rule_priority": 50,
      "pattern_set_id": "sqli-patterns-v2"
    },
    "expires_at": "2025-01-15T09:25:34.100000+0000",
    "dry_run": false
  },
  {
    "id": "action_004",
    "timestamp": "2025-01-15T08:25:34.800000+0000",
    "alert_id": "alert_002",
    "provider": "waf",
    "action_name": "block_ip",
    "parameters": {
      "ip": "185.220.101.42",
      "ttl_s": 3600,
      "ip_set_name": "Blocked-IPs"
    },
    "execution_status": "success",
    "execution_time_ms": 198,
    "result": {
      "ip_set_updated": true,
      "addresses_count": 1248,
      "lock_token": "def456ghi789"
    },
    "expires_at": "2025-01-15T09:25:34.800000+0000",
    "dry_run": false
  },
  {
    "id": "action_005",
    "timestamp": "2025-01-15T08:27:46.200000+0000",
    "alert_id": "alert_003",
    "provider": "firewall",
    "action_name": "rate_limit_subnet",
    "parameters": {
      "subnet": "192.168.1.30/32",
      "pps": 50000,
      "ttl_s": 1200
    },
    "execution_status": "success",
    "execution_time_ms": 445,
    "result": {
      "rule_created": true,
      "firewall_id": "fw-prod-001",
      "rule_id": "rate-limit-001",
      "current_pps": 75000
    },
    "expires_at": "2025-01-15T08:47:46.200000+0000",
    "dry_run": false
  },
  {
    "id": "action_006",
    "timestamp": "2025-01-15T08:27:47.100000+0000",
    "alert_id": "alert_003",
    "provider": "firewall",
    "action_name": "block_asn",
    "parameters": {
      "asn": "AS8075",
      "ttl_s": 1800
    },
    "execution_status": "success",
    "execution_time_ms": 523,
    "result": {
      "asn_blocked": true,
      "firewall_id": "fw-prod-001",
      "rule_id": "asn-block-001",
      "affected_prefixes": ["203.0.113.0/24", "198.51.100.0/24"]
    },
    "expires_at": "2025-01-15T08:57:47.100000+0000",
    "dry_run": false
  },
  {
    "id": "action_007",
    "timestamp": "2025-01-15T08:27:47.800000+0000",
    "alert_id": "alert_003",
    "provider": "waf",
    "action_name": "rate_limit_global",
    "parameters": {
      "rate_per_5m": 2000,
      "ttl_s": 1200
    },
    "execution_status": "success",
    "execution_time_ms": 267,
    "result": {
      "rate_limit_applied": true,
      "web_acl": "production-webacl",
      "rule_priority": 10,
      "current_rate": 3500
    },
    "expires_at": "2025-01-15T08:47:47.800000+0000",
    "dry_run": false
  },
  {
    "id": "action_008",
    "timestamp": "2025-01-15T08:30:13.300000+0000",
    "alert_id": "alert_004",
    "provider": "waf",
    "action_name": "block_ip",
    "parameters": {
      "ip": "185.220.101.5",
      "ttl_s": 3600,
      "ip_set_name": "Blocked-IPs"
    },
    "execution_status": "success",
    "execution_time_ms": 201,
    "result": {
      "ip_set_updated": true,
      "addresses_count": 1249,
      "lock_token": "ghi789jkl012"
    },
    "expires_at": "2025-01-15T09:30:13.300000+0000",
    "dry_run": false
  },
  {
    "id": "action_009",
    "timestamp": "2025-01-15T08:30:14.000000+0000",
    "alert_id": "alert_004",
    "provider": "firewall",
    "action_name": "block_ip",
    "parameters": {
      "ip": "185.220.101.5",
      "ttl_s": 3600
    },
    "execution_status": "success",
    "execution_time_ms": 378,
    "result": {
      "ip_blocked": true,
      "firewall_id": "fw-prod-001",
      "rule_id": "ip-block-004"
    },
    "expires_at": "2025-01-15T09:30:14.000000+0000",
    "dry_run": false
  },
  {
    "id": "action_010",
    "timestamp": "2025-01-15T08:32:29.400000+0000",
    "alert_id": "alert_005",
    "provider": "waf",
    "action_name": "virtual_patch",
    "parameters": {
      "route": "/admin/../../../etc/passwd",
      "rule": "path_traversal_strict",
      "ttl_s": 3600
    },
    "execution_status": "success",
    "execution_time_ms": 289,
    "result": {
      "rule_created": true,
      "web_acl": "production-webacl",
      "rule_priority": 45,
      "pattern_set_id": "path-traversal-patterns-v1"
    },
    "expires_at": "2025-01-15T09:32:29.400000+0000",
    "dry_run": false
  },
  {
    "id": "action_011",
    "timestamp": "2025-01-15T08:32:30.100000+0000",
    "alert_id": "alert_005",
    "provider": "waf",
    "action_name": "block_ip",
    "parameters": {
      "ip": "198.51.100.156",
      "ttl_s": 1800,
      "ip_set_name": "Blocked-IPs"
    },
    "execution_status": "success",
    "execution_time_ms": 176,
    "result": {
      "ip_set_updated": true,
      "addresses_count": 1250,
      "lock_token": "jkl012mno345"
    },
    "expires_at": "2025-01-15T09:02:30.100000+0000",
    "dry_run": false
  },
  {
    "id": "action_012",
    "timestamp": "2025-01-15T08:35:45.500000+0000",
    "alert_id": "alert_006",
    "provider": "waf",
    "action_name": "block_ip",
    "parameters": {
      "ip": "91.240.118.172",
      "ttl_s": 1800,
      "ip_set_name": "Blocked-IPs"
    },
    "execution_status": "failed",
    "execution_time_ms": 5234,
    "error": {
      "code": "WAFLimitExceededException",
      "message": "IP set has reached maximum capacity of 10,000 addresses",
      "retry_after": 300
    },
    "expires_at": null,
    "dry_run": false
  }
]
