{
  "web_acls": [
    {
      "name": "production-webacl",
      "id": "12345678-1234-1234-1234-123456789012",
      "arn": "arn:aws:wafv2:us-east-2:123456789012:regional/webacl/production-webacl/12345678-1234-1234-1234-123456789012",
      "scope": "REGIONAL",
      "default_action": "ALLOW",
      "description": "Production Web ACL for Athena Network Response Management",
      "rules": [
        {
          "name": "AWSManagedRulesCommonRuleSet",
          "priority": 1,
          "action": "BLOCK",
          "visibility_config": {
            "sampled_requests_enabled": true,
            "cloud_watch_metrics_enabled": true,
            "metric_name": "CommonRuleSetMetric"
          }
        },
        {
          "name": "AWSManagedRulesKnownBadInputsRuleSet",
          "priority": 2,
          "action": "BLOCK",
          "visibility_config": {
            "sampled_requests_enabled": true,
            "cloud_watch_metrics_enabled": true,
            "metric_name": "KnownBadInputsMetric"
          }
        },
        {
          "name": "BlockedIPsRule",
          "priority": 10,
          "action": "BLOCK",
          "statement": {
            "ip_set_reference_statement": {
              "arn": "arn:aws:wafv2:us-east-2:123456789012:regional/ipset/Blocked-IPs/87654321-4321-4321-4321-210987654321"
            }
          },
          "visibility_config": {
            "sampled_requests_enabled": true,
            "cloud_watch_metrics_enabled": true,
            "metric_name": "BlockedIPsMetric"
          }
        },
        {
          "name": "Geo-Restrictions",
          "priority": 15,
          "action": "BLOCK",
          "statement": {
            "geo_match_statement": {
              "country_codes": ["CN", "RU", "KP", "IR"]
            }
          },
          "visibility_config": {
            "sampled_requests_enabled": true,
            "cloud_watch_metrics_enabled": true,
            "metric_name": "GeoRestrictionsMetric"
          }
        },
        {
          "name": "RateLimitGlobal",
          "priority": 20,
          "action": "BLOCK",
          "statement": {
            "rate_based_statement": {
              "limit": 2000,
              "aggregate_key_type": "IP"
            }
          },
          "visibility_config": {
            "sampled_requests_enabled": true,
            "cloud_watch_metrics_enabled": true,
            "metric_name": "RateLimitGlobalMetric"
          }
        },
        {
          "name": "SQLiVirtualPatch",
          "priority": 50,
          "action": "BLOCK",
          "statement": {
            "and_statement": {
              "statements": [
                {
                  "byte_match_statement": {
                    "search_string": "/api/v1/login",
                    "field_to_match": {
                      "uri_path": {}
                    },
                    "text_transformations": [
                      {
                        "priority": 0,
                        "type": "URL_DECODE"
                      }
                    ],
                    "positional_constraint": "CONTAINS"
                  }
                },
                {
                  "sqli_match_statement": {
                    "field_to_match": {
                      "all_query_arguments": {}
                    },
                    "text_transformations": [
                      {
                        "priority": 0,
                        "type": "URL_DECODE"
                      },
                      {
                        "priority": 1,
                        "type": "HTML_ENTITY_DECODE"
                      }
                    ]
                  }
                }
              ]
            }
          },
          "visibility_config": {
            "sampled_requests_enabled": true,
            "cloud_watch_metrics_enabled": true,
            "metric_name": "SQLiVirtualPatchMetric"
          }
        }
      ],
      "visibility_config": {
        "sampled_requests_enabled": true,
        "cloud_watch_metrics_enabled": true,
        "metric_name": "ProductionWebACLMetric"
      }
    }
  ],
  "ip_sets": [
    {
      "name": "Blocked-IPs",
      "id": "87654321-4321-4321-4321-210987654321",
      "arn": "arn:aws:wafv2:us-east-2:123456789012:regional/ipset/Blocked-IPs/87654321-4321-4321-4321-210987654321",
      "scope": "REGIONAL",
      "ip_address_version": "IPV4",
      "addresses": [
        "45.142.214.123/32",
        "185.220.101.42/32",
        "185.220.101.5/32",
        "198.51.100.156/32",
        "91.240.118.172/32",
        "104.244.72.115/32",
        "203.0.113.245/32",
        "91.240.118.88/32",
        "45.142.214.200/32",
        "104.244.72.200/32"
      ],
      "description": "Dynamically managed IP blocklist for threat response",
      "last_updated": "2025-01-15T08:35:45.500000+0000",
      "addresses_count": 1250,
      "capacity_used": 0.125
    },
    {
      "name": "TrustedIPs",
      "id": "11111111-1111-1111-1111-111111111111",
      "arn": "arn:aws:wafv2:us-east-2:123456789012:regional/ipset/TrustedIPs/11111111-1111-1111-1111-111111111111",
      "scope": "REGIONAL",
      "ip_address_version": "IPV4",
      "addresses": [
        "192.168.0.0/16",
        "10.0.0.0/8",
        "172.16.0.0/12",
        "203.0.113.0/24"
      ],
      "description": "Trusted internal and partner IP ranges",
      "last_updated": "2025-01-10T10:00:00.000000+0000",
      "addresses_count": 4,
      "capacity_used": 0.0004
    }
  ],
  "regex_pattern_sets": [
    {
      "name": "sqli-patterns-v2",
      "id": "22222222-2222-2222-2222-222222222222",
      "arn": "arn:aws:wafv2:us-east-2:123456789012:regional/regexpatternset/sqli-patterns-v2/22222222-2222-2222-2222-222222222222",
      "scope": "REGIONAL",
      "regular_expression_list": [
        "(?i)(union|select|insert|delete|update|drop|create|alter|exec|execute)\\s",
        "(?i)'\\s*(or|and)\\s*'",
        "(?i)\\b(or|and)\\s+\\d+\\s*=\\s*\\d+",
        "(?i)\\b(or|and)\\s+['\"]\\w+['\"]\\s*=\\s*['\"]\\w+['\"]",
        "(?i)(--|#|/\\*|\\*/)",
        "(?i)\\b(information_schema|sys\\.tables|mysql\\.user)"
      ],
      "description": "SQL injection detection patterns - version 2"
    },
    {
      "name": "path-traversal-patterns-v1",
      "id": "33333333-3333-3333-3333-333333333333",
      "arn": "arn:aws:wafv2:us-east-2:123456789012:regional/regexpatternset/path-traversal-patterns-v1/33333333-3333-3333-3333-333333333333",
      "scope": "REGIONAL",
      "regular_expression_list": [
        "(?i)\\.\\./",
        "(?i)\\.\\.\\\\",
        "(?i)%2e%2e%2f",
        "(?i)%2e%2e%5c",
        "(?i)(etc/passwd|etc/shadow|boot\\.ini|win\\.ini)",
        "(?i)(proc/self/environ|proc/version|proc/cmdline)"
      ],
      "description": "Path traversal attack detection patterns"
    }
  ],
  "rate_based_rules": [
    {
      "name": "GlobalRateLimit",
      "limit": 2000,
      "aggregate_key_type": "IP",
      "scope_down_statement": null,
      "action": "BLOCK",
      "current_blocked_ips": 23,
      "last_reset": "2025-01-15T08:00:00.000000+0000"
    },
    {
      "name": "LoginEndpointRateLimit",
      "limit": 100,
      "aggregate_key_type": "IP",
      "scope_down_statement": {
        "byte_match_statement": {
          "search_string": "/login",
          "field_to_match": {
            "uri_path": {}
          },
          "positional_constraint": "CONTAINS"
        }
      },
      "action": "CHALLENGE",
      "current_blocked_ips": 8,
      "last_reset": "2025-01-15T08:00:00.000000+0000"
    }
  ],
  "statistics": {
    "total_requests_24h": 2847392,
    "blocked_requests_24h": 18473,
    "allowed_requests_24h": 2828919,
    "challenge_requests_24h": 4521,
    "top_blocked_countries": [
      {"country": "CN", "count": 7234},
      {"country": "RU", "count": 5891},
      {"country": "BR", "count": 2847},
      {"country": "IN", "count": 1923},
      {"country": "VN", "count": 578}
    ],
    "top_blocked_ips": [
      {"ip": "45.142.214.123", "count": 234},
      {"ip": "185.220.101.42", "count": 189},
      {"ip": "203.0.113.89", "count": 156},
      {"ip": "91.240.118.172", "count": 134},
      {"ip": "198.51.100.156", "count": 98}
    ]
  }
}
