{
  "index_patterns": ["wazuh-states-inventory-networks*"],
  "priority": 1,
  "template": {
    "settings": {
      "index": {
        "number_of_replicas": "0",
        "number_of_shards": "1",
        "query.default_field": ["network.ip", "network.name"],
        "refresh_interval": "5s"
      }
    },
    "mappings": {
      "date_detection": false,
      "dynamic": "strict",
      "properties": {
        "agent": {
          "properties": {
            "host": {
              "properties": {
                "architecture": {
                  "ignore_above": 1024,
                  "type": "keyword"
                },
                "ip": {
                  "type": "ip"
                }
              }
            },
            "id": {
              "ignore_above": 1024,
              "type": "keyword"
            },
            "name": {
              "ignore_above": 1024,
              "type": "keyword"
            },
            "version": {
              "ignore_above": 1024,
              "type": "keyword"
            }
          }
        },
        "interface": {
          "properties": {
            "name": {
              "ignore_above": 1024,
              "type": "keyword"
            }
          }
        },
        "network": {
          "properties": {
            "broadcast": {
              "type": "ip"
            },
            "dhcp": {
              "type": "boolean"
            },
            "ip": {
              "type": "ip"
            },
            "metric": {
              "type": "long"
            },
            "netmask": {
              "type": "ip"
            },
            "type": {
              "ignore_above": 1024,
              "type": "keyword"
            }
          }
        },
        "wazuh": {
          "properties": {
            "cluster": {
              "properties": {
                "name": {
                  "ignore_above": 1024,
                  "type": "keyword"
                },
                "node": {
                  "ignore_above": 1024,
                  "type": "keyword"
                }
              }
            },
            "schema": {
              "properties": {
                "version": {
                  "ignore_above": 1024,
                  "type": "keyword"
                }
              }
            }
          }
        }
      }
    }
  }
}
