{
  "index_patterns": ["wazuh-states-inventory-browser-extensions*"],
  "priority": 1,
  "template": {
    "settings": {
      "index": {
        "auto_expand_replicas": "0-1",
        "number_of_replicas": "0",
        "number_of_shards": "1",
        "query.default_field": [
          "agent.host.architecture",
          "agent.host.ip",
          "agent.id",
          "agent.name",
          "agent.version",
          "browser.name",
          "user.id",
          "package.name",
          "package.id",
          "package.version",
          "package.vendor",
          "package.type",
          "wazuh.cluster.name",
          "wazuh.cluster.node",
          "wazuh.schema.version"
        ],
        "refresh_interval": "2s"
      }
    },
    "mappings": {
      "date_detection": false,
      "dynamic": "strict",
      "properties": {
        "agent": {
          "properties": {
            "host": {
              "properties": {
                "architecture": {
                  "ignore_above": 1024,
                  "type": "keyword"
                },
                "ip": {
                  "type": "ip"
                }
              }
            },
            "id": {
              "ignore_above": 1024,
              "type": "keyword"
            },
            "name": {
              "ignore_above": 1024,
              "type": "keyword"
            },
            "version": {
              "ignore_above": 1024,
              "type": "keyword"
            }
          }
        },
        "browser": {
          "properties": {
            "name": {
              "ignore_above": 1024,
              "type": "keyword"
            },
            "profile": {
              "properties": {
                "name": {
                  "ignore_above": 1024,
                  "type": "keyword"
                },
                "path": {
                  "ignore_above": 1024,
                  "type": "keyword"
                },
                "referenced": {
                  "type": "boolean"
                }
              }
            }
          }
        },
        "file": {
          "properties": {
            "hash": {
              "properties": {
                "sha256": {
                  "ignore_above": 1024,
                  "type": "keyword"
                }
              }
            }
          }
        },
        "package": {
          "properties": {
            "autoupdate": {
              "type": "boolean"
            },
            "build_version": {
              "ignore_above": 1024,
              "type": "keyword"
            },
            "description": {
              "ignore_above": 1024,
              "type": "keyword"
            },
            "enabled": {
              "type": "boolean"
            },
            "from_webstore": {
              "type": "boolean"
            },
            "id": {
              "ignore_above": 1024,
              "type": "keyword"
            },
            "installed": {
              "type": "date"
            },
            "name": {
              "ignore_above": 1024,
              "type": "keyword"
            },
            "path": {
              "ignore_above": 1024,
              "type": "keyword"
            },
            "permissions": {
              "ignore_above": 1024,
              "type": "keyword"
            },
            "persistent": {
              "type": "boolean"
            },
            "reference": {
              "ignore_above": 1024,
              "type": "keyword"
            },
            "type": {
              "ignore_above": 1024,
              "type": "keyword"
            },
            "vendor": {
              "ignore_above": 1024,
              "type": "keyword"
            },
            "version": {
              "ignore_above": 1024,
              "type": "keyword"
            },
            "visible": {
              "type": "boolean"
            }
          }
        },
        "user": {
          "properties": {
            "id": {
              "ignore_above": 1024,
              "type": "keyword"
            }
          }
        },
        "wazuh": {
          "properties": {
            "cluster": {
              "properties": {
                "name": {
                  "ignore_above": 1024,
                  "type": "keyword"
                },
                "node": {
                  "ignore_above": 1024,
                  "type": "keyword"
                }
              }
            },
            "schema": {
              "properties": {
                "version": {
                  "ignore_above": 1024,
                  "type": "keyword"
                }
              }
            }
          }
        }
      }
    }
  }
}
