{
  "index_patterns": ["wazuh-states-inventory-processes*"],
  "priority": 1,
  "template": {
    "settings": {
      "index": {
        "number_of_replicas": "0",
        "number_of_shards": "1",
        "query.default_field": [
          "agent.host.architecture",
          "agent.host.ip",
          "agent.id",
          "agent.name",
          "agent.version",
          "process.args",
          "process.args_count",
          "process.command_line",
          "process.name",
          "process.parent.pid",
          "process.pid",
          "process.start",
          "process.state",
          "process.stime",
          "process.utime",
          "wazuh.cluster.name",
          "wazuh.cluster.node",
          "wazuh.schema.version"
        ],
        "refresh_interval": "5s"
      }
    },
    "mappings": {
      "date_detection": false,
      "dynamic": "strict",
      "properties": {
        "agent": {
          "properties": {
            "host": {
              "properties": {
                "architecture": {
                  "ignore_above": 1024,
                  "type": "keyword"
                },
                "ip": {
                  "type": "ip"
                }
              }
            },
            "id": {
              "ignore_above": 1024,
              "type": "keyword"
            },
            "name": {
              "ignore_above": 1024,
              "type": "keyword"
            },
            "version": {
              "ignore_above": 1024,
              "type": "keyword"
            }
          }
        },
        "process": {
          "properties": {
            "args": {
              "ignore_above": 1024,
              "type": "keyword"
            },
            "args_count": {
              "type": "long"
            },
            "command_line": {
              "type": "keyword"
            },
            "name": {
              "ignore_above": 1024,
              "type": "keyword"
            },
            "parent": {
              "properties": {
                "pid": {
                  "type": "long"
                }
              }
            },
            "pid": {
              "type": "long"
            },
            "start": {
              "type": "date"
            },
            "state": {
              "ignore_above": 1024,
              "type": "keyword"
            },
            "stime": {
              "type": "long"
            },
            "utime": {
              "type": "long"
            }
          }
        },
        "wazuh": {
          "properties": {
            "cluster": {
              "properties": {
                "name": {
                  "ignore_above": 1024,
                  "type": "keyword"
                },
                "node": {
                  "ignore_above": 1024,
                  "type": "keyword"
                }
              }
            },
            "schema": {
              "properties": {
                "version": {
                  "ignore_above": 1024,
                  "type": "keyword"
                }
              }
            }
          }
        }
      }
    }
  }
}
