[
  {
    "ip": "45.142.214.123",
    "reputation_score": 15,
    "risk_level": "high",
    "first_seen": "2025-01-10T14:23:00.000000+0000",
    "last_seen": "2025-01-15T08:23:15.123456+0000",
    "asn": "AS13335",
    "asn_name": "Cloudflare Inc",
    "country": "RU",
    "city": "Moscow",
    "categories": ["brute_force", "credential_stuffing", "ssh_scanner"],
    "threat_feeds": [
      {
        "source": "AbuseIPDB",
        "confidence": 95,
        "last_updated": "2025-01-15T06:00:00.000000+0000",
        "categories": ["SSH", "Brute-Force"]
      },
      {
        "source": "VirusTotal",
        "confidence": 88,
        "last_updated": "2025-01-15T04:30:00.000000+0000",
        "categories": ["malicious"]
      }
    ],
    "attack_patterns": [
      {
        "type": "ssh_brute_force",
        "frequency": 234,
        "success_rate": 0.02,
        "target_ports": [22, 2222]
      }
    ],
    "geolocation": {
      "latitude": 55.7558,
      "longitude": 37.6176,
      "timezone": "Europe/Moscow"
    }
  },
  {
    "ip": "185.220.101.42",
    "reputation_score": 8,
    "risk_level": "high",
    "first_seen": "2025-01-12T09:15:00.000000+0000",
    "last_seen": "2025-01-15T08:25:33.234567+0000",
    "asn": "AS16276",
    "asn_name": "OVH SAS",
    "country": "FR",
    "city": "Paris",
    "categories": ["web_attack", "sqli", "tor_exit"],
    "threat_feeds": [
      {
        "source": "TorProject",
        "confidence": 100,
        "last_updated": "2025-01-15T08:00:00.000000+0000",
        "categories": ["tor_exit_node"]
      },
      {
        "source": "EmergingThreats",
        "confidence": 92,
        "last_updated": "2025-01-15T07:15:00.000000+0000",
        "categories": ["SQL_Injection"]
      }
    ],
    "attack_patterns": [
      {
        "type": "sql_injection",
        "frequency": 89,
        "success_rate": 0.12,
        "target_endpoints": ["/login", "/api/v1/users", "/admin"]
      }
    ],
    "geolocation": {
      "latitude": 48.8566,
      "longitude": 2.3522,
      "timezone": "Europe/Paris"
    }
  },
  {
    "ip": "203.0.113.89",
    "reputation_score": 25,
    "risk_level": "critical",
    "first_seen": "2025-01-14T16:45:00.000000+0000",
    "last_seen": "2025-01-15T08:27:45.345678+0000",
    "asn": "AS8075",
    "asn_name": "Microsoft Corporation",
    "country": "US",
    "city": "Redmond",
    "categories": ["ddos", "botnet", "compromised_host"],
    "threat_feeds": [
      {
        "source": "Spamhaus",
        "confidence": 98,
        "last_updated": "2025-01-15T07:00:00.000000+0000",
        "categories": ["botnet"]
      },
      {
        "source": "SANS",
        "confidence": 85,
        "last_updated": "2025-01-15T05:30:00.000000+0000",
        "categories": ["DDoS"]
      }
    ],
    "attack_patterns": [
      {
        "type": "tcp_syn_flood",
        "frequency": 156,
        "success_rate": 0.78,
        "target_ports": [80, 443, 8080]
      },
      {
        "type": "udp_flood",
        "frequency": 89,
        "success_rate": 0.65,
        "target_ports": [53, 123, 1900]
      }
    ],
    "geolocation": {
      "latitude": 47.6062,
      "longitude": -122.3321,
      "timezone": "America/Los_Angeles"
    }
  },
  {
    "ip": "185.220.101.5",
    "reputation_score": 12,
    "risk_level": "high",
    "first_seen": "2025-01-11T11:30:00.000000+0000",
    "last_seen": "2025-01-15T08:30:12.456789+0000",
    "asn": "AS16276",
    "asn_name": "OVH SAS",
    "country": "FR",
    "city": "Roubaix",
    "categories": ["tor_exit", "anonymizer", "proxy"],
    "threat_feeds": [
      {
        "source": "TorProject",
        "confidence": 100,
        "last_updated": "2025-01-15T08:00:00.000000+0000",
        "categories": ["tor_exit_node"]
      },
      {
        "source": "ProxyCheck",
        "confidence": 95,
        "last_updated": "2025-01-15T06:45:00.000000+0000",
        "categories": ["proxy", "vpn"]
      }
    ],
    "attack_patterns": [
      {
        "type": "anonymized_traffic",
        "frequency": 445,
        "success_rate": 0.95,
        "target_ports": [80, 443, 8080, 9050]
      }
    ],
    "geolocation": {
      "latitude": 50.6942,
      "longitude": 3.1746,
      "timezone": "Europe/Paris"
    }
  },
  {
    "ip": "198.51.100.156",
    "reputation_score": 18,
    "risk_level": "high",
    "first_seen": "2025-01-13T13:20:00.000000+0000",
    "last_seen": "2025-01-15T08:32:28.567890+0000",
    "asn": "AS15169",
    "asn_name": "Google LLC",
    "country": "US",
    "city": "Mountain View",
    "categories": ["web_attack", "path_traversal", "scanner"],
    "threat_feeds": [
      {
        "source": "AbuseIPDB",
        "confidence": 87,
        "last_updated": "2025-01-15T05:00:00.000000+0000",
        "categories": ["Web App Attack"]
      },
      {
        "source": "AlienVault",
        "confidence": 91,
        "last_updated": "2025-01-15T04:15:00.000000+0000",
        "categories": ["scanning"]
      }
    ],
    "attack_patterns": [
      {
        "type": "path_traversal",
        "frequency": 67,
        "success_rate": 0.08,
        "target_paths": ["/admin", "/config", "/etc"]
      },
      {
        "type": "directory_scanning",
        "frequency": 234,
        "success_rate": 0.15,
        "target_paths": ["/admin", "/backup", "/test"]
      }
    ],
    "geolocation": {
      "latitude": 37.4419,
      "longitude": -122.1430,
      "timezone": "America/Los_Angeles"
    }
  },
  {
    "ip": "91.240.118.172",
    "reputation_score": 22,
    "risk_level": "high",
    "first_seen": "2025-01-09T08:45:00.000000+0000",
    "last_seen": "2025-01-15T08:35:44.678901+0000",
    "asn": "AS49505",
    "asn_name": "JSC Selectel",
    "country": "RU",
    "city": "St. Petersburg",
    "categories": ["brute_force", "credential_stuffing", "botnet"],
    "threat_feeds": [
      {
        "source": "Blocklist.de",
        "confidence": 96,
        "last_updated": "2025-01-15T07:30:00.000000+0000",
        "categories": ["SSH", "Brute-Force"]
      },
      {
        "source": "MISP",
        "confidence": 89,
        "last_updated": "2025-01-15T06:00:00.000000+0000",
        "categories": ["botnet"]
      }
    ],
    "attack_patterns": [
      {
        "type": "ssh_brute_force",
        "frequency": 189,
        "success_rate": 0.03,
        "target_ports": [22, 2222, 2200]
      },
      {
        "type": "credential_stuffing",
        "frequency": 156,
        "success_rate": 0.05,
        "target_endpoints": ["/login", "/auth", "/signin"]
      }
    ],
    "geolocation": {
      "latitude": 59.9311,
      "longitude": 30.3609,
      "timezone": "Europe/Moscow"
    }
  }
]
