{
  "index_patterns": ["wazuh-states-inventory-packages*"],
  "priority": 1,
  "template": {
    "settings": {
      "index": {
        "number_of_replicas": "0",
        "number_of_shards": "1",
        "query.default_field": [
          "agent.host.architecture",
          "agent.host.ip",
          "agent.id",
          "agent.name",
          "agent.version",
          "package.architecture",
          "package.category",
          "package.description",
          "package.installed",
          "package.multiarch",
          "package.name",
          "package.path",
          "package.priority",
          "package.size",
          "package.source",
          "package.type",
          "package.vendor",
          "package.version",
          "wazuh.cluster.name",
          "wazuh.cluster.node",
          "wazuh.schema.version"
        ],
        "refresh_interval": "5s"
      }
    },
    "mappings": {
      "date_detection": false,
      "dynamic": "strict",
      "properties": {
        "agent": {
          "properties": {
            "host": {
              "properties": {
                "architecture": {
                  "ignore_above": 1024,
                  "type": "keyword"
                },
                "ip": {
                  "type": "ip"
                }
              }
            },
            "id": {
              "ignore_above": 1024,
              "type": "keyword"
            },
            "name": {
              "ignore_above": 1024,
              "type": "keyword"
            },
            "version": {
              "ignore_above": 1024,
              "type": "keyword"
            }
          }
        },
        "package": {
          "properties": {
            "architecture": {
              "ignore_above": 1024,
              "type": "keyword"
            },
            "category": {
              "ignore_above": 1024,
              "type": "keyword"
            },
            "description": {
              "ignore_above": 1024,
              "type": "keyword"
            },
            "installed": {
              "type": "date"
            },
            "multiarch": {
              "ignore_above": 1024,
              "type": "keyword"
            },
            "name": {
              "ignore_above": 1024,
              "type": "keyword"
            },
            "path": {
              "ignore_above": 1024,
              "type": "keyword"
            },
            "priority": {
              "ignore_above": 1024,
              "type": "keyword"
            },
            "size": {
              "type": "long"
            },
            "source": {
              "ignore_above": 1024,
              "type": "keyword"
            },
            "type": {
              "ignore_above": 1024,
              "type": "keyword"
            },
            "vendor": {
              "ignore_above": 1024,
              "type": "keyword"
            },
            "version": {
              "ignore_above": 1024,
              "type": "keyword"
            }
          }
        },
        "wazuh": {
          "properties": {
            "cluster": {
              "properties": {
                "name": {
                  "ignore_above": 1024,
                  "type": "keyword"
                },
                "node": {
                  "ignore_above": 1024,
                  "type": "keyword"
                }
              }
            },
            "schema": {
              "properties": {
                "version": {
                  "ignore_above": 1024,
                  "type": "keyword"
                }
              }
            }
          }
        }
      }
    }
  }
}
