[
  {
    "id": "audit_001",
    "timestamp": "2025-01-15T08:23:15.123456+0000",
    "event_type": "alert_processed",
    "source": "suricata_eve_json",
    "alert_id": "alert_001",
    "user": "system",
    "details": {
      "src_ip": "45.142.214.123",
      "dest_ip": "192.168.1.10",
      "signature_id": 2100361,
      "normalized_type": "credential_stuffing",
      "chosen_rule_id": "credential-stuffing-basic",
      "confidence_score": 0.92,
      "processing_time_ms": 45
    },
    "actions_generated": 2,
    "dry_run": false
  },
  {
    "id": "audit_002",
    "timestamp": "2025-01-15T08:23:16.500000+0000",
    "event_type": "action_executed",
    "source": "response_engine",
    "action_id": "action_001",
    "user": "system",
    "details": {
      "provider": "waf",
      "action_name": "block_ip",
      "target_ip": "45.142.214.123",
      "execution_status": "success",
      "execution_time_ms": 245,
      "ttl_seconds": 1800
    },
    "risk_level": "medium",
    "approval_required": false,
    "dry_run": false
  },
  {
    "id": "audit_003",
    "timestamp": "2025-01-15T08:23:17.200000+0000",
    "event_type": "action_executed",
    "source": "response_engine",
    "action_id": "action_002",
    "user": "system",
    "details": {
      "provider": "waf",
      "action_name": "challenge",
      "target_route": "/ssh",
      "execution_status": "success",
      "execution_time_ms": 189,
      "ttl_seconds": 900
    },
    "risk_level": "low",
    "approval_required": false,
    "dry_run": false
  },
  {
    "id": "audit_004",
    "timestamp": "2025-01-15T08:25:33.234567+0000",
    "event_type": "alert_processed",
    "source": "suricata_eve_json",
    "alert_id": "alert_002",
    "user": "system",
    "details": {
      "src_ip": "185.220.101.42",
      "dest_ip": "192.168.1.20",
      "signature_id": 2010935,
      "normalized_type": "sqli",
      "chosen_rule_id": "sqli-tighten",
      "confidence_score": 0.98,
      "processing_time_ms": 38
    },
    "actions_generated": 2,
    "dry_run": false
  },
  {
    "id": "audit_005",
    "timestamp": "2025-01-15T08:25:34.100000+0000",
    "event_type": "action_executed",
    "source": "response_engine",
    "action_id": "action_003",
    "user": "system",
    "details": {
      "provider": "waf",
      "action_name": "virtual_patch",
      "target_route": "/api/v1/login",
      "rule_type": "sqli_strict",
      "execution_status": "success",
      "execution_time_ms": 312,
      "ttl_seconds": 3600
    },
    "risk_level": "high",
    "approval_required": false,
    "dry_run": false
  },
  {
    "id": "audit_006",
    "timestamp": "2025-01-15T08:27:45.345678+0000",
    "event_type": "alert_processed",
    "source": "suricata_eve_json",
    "alert_id": "alert_003",
    "user": "system",
    "details": {
      "src_ip": "203.0.113.89",
      "dest_ip": "192.168.1.30",
      "signature_id": 2402000,
      "normalized_type": "ddos_l3l4",
      "chosen_rule_id": "ddos-l3l4-ramp",
      "confidence_score": 0.89,
      "processing_time_ms": 52
    },
    "actions_generated": 3,
    "dry_run": false
  },
  {
    "id": "audit_007",
    "timestamp": "2025-01-15T08:27:46.200000+0000",
    "event_type": "action_executed",
    "source": "response_engine",
    "action_id": "action_005",
    "user": "system",
    "details": {
      "provider": "firewall",
      "action_name": "rate_limit_subnet",
      "target_subnet": "192.168.1.30/32",
      "rate_limit_pps": 50000,
      "execution_status": "success",
      "execution_time_ms": 445,
      "ttl_seconds": 1200
    },
    "risk_level": "high",
    "approval_required": false,
    "dry_run": false
  },
  {
    "id": "audit_008",
    "timestamp": "2025-01-15T08:30:12.456789+0000",
    "event_type": "alert_processed",
    "source": "suricata_eve_json",
    "alert_id": "alert_004",
    "user": "system",
    "details": {
      "src_ip": "185.220.101.5",
      "dest_ip": "192.168.1.40",
      "signature_id": 2023001,
      "normalized_type": "ioc_match",
      "chosen_rule_id": "ioc-hit",
      "confidence_score": 0.95,
      "processing_time_ms": 29
    },
    "actions_generated": 2,
    "dry_run": false
  },
  {
    "id": "audit_009",
    "timestamp": "2025-01-15T08:35:45.500000+0000",
    "event_type": "action_failed",
    "source": "response_engine",
    "action_id": "action_012",
    "user": "system",
    "details": {
      "provider": "waf",
      "action_name": "block_ip",
      "target_ip": "91.240.118.172",
      "execution_status": "failed",
      "error_code": "WAFLimitExceededException",
      "error_message": "IP set has reached maximum capacity of 10,000 addresses",
      "execution_time_ms": 5234
    },
    "risk_level": "medium",
    "approval_required": false,
    "dry_run": false,
    "escalation_required": true
  },
  {
    "id": "audit_010",
    "timestamp": "2025-01-15T08:40:00.000000+0000",
    "event_type": "policy_updated",
    "source": "admin_console",
    "user": "admin@company.com",
    "details": {
      "policy_version": "v1.2.3",
      "changes": [
        {
          "type": "rule_modified",
          "rule_id": "credential-stuffing-basic",
          "field": "ttl_s",
          "old_value": 1800,
          "new_value": 3600
        }
      ],
      "reason": "Increase TTL for credential stuffing blocks due to persistent attacks"
    },
    "approval_required": true,
    "approved_by": "security-team@company.com",
    "dry_run": false
  },
  {
    "id": "audit_011",
    "timestamp": "2025-01-15T08:45:30.000000+0000",
    "event_type": "manual_action",
    "source": "admin_console",
    "user": "soc-analyst@company.com",
    "details": {
      "action_type": "whitelist_ip",
      "target_ip": "203.0.113.100",
      "reason": "False positive - legitimate partner traffic",
      "duration_hours": 24
    },
    "risk_level": "low",
    "approval_required": true,
    "approved_by": "security-manager@company.com",
    "dry_run": false
  },
  {
    "id": "audit_012",
    "timestamp": "2025-01-15T08:50:15.000000+0000",
    "event_type": "system_health",
    "source": "monitoring_service",
    "user": "system",
    "details": {
      "component": "decision_engine",
      "status": "healthy",
      "metrics": {
        "alerts_processed_last_hour": 156,
        "actions_executed_last_hour": 89,
        "average_processing_time_ms": 42,
        "error_rate_percent": 0.8,
        "queue_depth": 3
      }
    },
    "dry_run": false
  }
]
