{
  "index_patterns": ["wazuh-states-vulnerabilities-*"],
  "priority": 1,
  "template": {
    "settings": {
      "index": {
        "codec": "best_compression",
        "mapping": {
          "total_fields": {
            "limit": 1000
          }
        },
        "number_of_replicas": "0",
        "number_of_shards": "1",
        "query.default_field": [
          "agent.id",
          "host.os.full",
          "host.os.version",
          "package.name",
          "package.version",
          "vulnerability.id",
          "vulnerability.description",
          "vulnerability.severity",
          "wazuh.cluster.name"
        ],
        "refresh_interval": "2s"
      }
    },
    "mappings": {
      "date_detection": false,
      "dynamic": "strict",
      "properties": {
        "agent": {
          "properties": {
            "build": {
              "properties": {
                "original": {
                  "ignore_above": 1024,
                  "type": "keyword"
                }
              }
            },
            "ephemeral_id": {
              "ignore_above": 1024,
              "type": "keyword"
            },
            "id": {
              "ignore_above": 1024,
              "type": "keyword"
            },
            "name": {
              "ignore_above": 1024,
              "type": "keyword"
            },
            "type": {
              "ignore_above": 1024,
              "type": "keyword"
            },
            "version": {
              "ignore_above": 1024,
              "type": "keyword"
            }
          }
        },
        "host": {
          "properties": {
            "os": {
              "properties": {
                "full": {
                  "ignore_above": 1024,
                  "type": "keyword"
                },
                "kernel": {
                  "ignore_above": 1024,
                  "type": "keyword"
                },
                "name": {
                  "ignore_above": 1024,
                  "type": "keyword"
                },
                "platform": {
                  "ignore_above": 1024,
                  "type": "keyword"
                },
                "type": {
                  "ignore_above": 1024,
                  "type": "keyword"
                },
                "version": {
                  "ignore_above": 1024,
                  "type": "keyword"
                }
              }
            }
          }
        },
        "package": {
          "properties": {
            "architecture": {
              "ignore_above": 1024,
              "type": "keyword"
            },
            "build_version": {
              "ignore_above": 1024,
              "type": "keyword"
            },
            "checksum": {
              "ignore_above": 1024,
              "type": "keyword"
            },
            "description": {
              "ignore_above": 1024,
              "type": "keyword"
            },
            "install_scope": {
              "ignore_above": 1024,
              "type": "keyword"
            },
            "installed": {
              "type": "date"
            },
            "license": {
              "ignore_above": 1024,
              "type": "keyword"
            },
            "name": {
              "ignore_above": 1024,
              "type": "keyword"
            },
            "path": {
              "ignore_above": 1024,
              "type": "keyword"
            },
            "reference": {
              "ignore_above": 1024,
              "type": "keyword"
            },
            "size": {
              "type": "long"
            },
            "type": {
              "ignore_above": 1024,
              "type": "keyword"
            },
            "version": {
              "ignore_above": 1024,
              "type": "keyword"
            }
          }
        },
        "vulnerability": {
          "properties": {
            "category": {
              "ignore_above": 1024,
              "type": "keyword"
            },
            "classification": {
              "ignore_above": 1024,
              "type": "keyword"
            },
            "description": {
              "ignore_above": 1024,
              "type": "keyword"
            },
            "detected_at": {
              "type": "date"
            },
            "enumeration": {
              "ignore_above": 1024,
              "type": "keyword"
            },
            "id": {
              "ignore_above": 1024,
              "type": "keyword"
            },
            "published_at": {
              "type": "date"
            },
            "reference": {
              "ignore_above": 1024,
              "type": "keyword"
            },
            "report_id": {
              "ignore_above": 1024,
              "type": "keyword"
            },
            "scanner": {
              "properties": {
                "condition": {
                  "ignore_above": 1024,
                  "type": "keyword"
                },
                "reference": {
                  "ignore_above": 1024,
                  "type": "keyword"
                },
                "source": {
                  "ignore_above": 1024,
                  "type": "keyword"
                },
                "vendor": {
                  "ignore_above": 1024,
                  "type": "keyword"
                }
              }
            },
            "score": {
              "properties": {
                "base": {
                  "type": "float"
                },
                "environmental": {
                  "type": "float"
                },
                "temporal": {
                  "type": "float"
                },
                "version": {
                  "ignore_above": 1024,
                  "type": "keyword"
                }
              }
            },
            "severity": {
              "ignore_above": 1024,
              "type": "keyword"
            },
            "under_evaluation": {
              "type": "boolean"
            }
          }
        },
        "wazuh": {
          "properties": {
            "cluster": {
              "properties": {
                "name": {
                  "ignore_above": 1024,
                  "type": "keyword"
                },
                "node": {
                  "ignore_above": 1024,
                  "type": "keyword"
                }
              }
            },
            "schema": {
              "properties": {
                "version": {
                  "ignore_above": 1024,
                  "type": "keyword"
                }
              }
            }
          }
        }
      }
    }
  }
}
