{
  "index_patterns": ["wazuh-states-inventory-system*"],
  "priority": 1,
  "template": {
    "settings": {
      "index": {
        "number_of_replicas": "0",
        "number_of_shards": "1",
        "query.default_field": [
          "agent.host.architecture",
          "agent.host.ip",
          "agent.id",
          "agent.name",
          "agent.version",
          "host.architecture",
          "host.hostname",
          "host.os.build",
          "host.os.codename",
          "host.os.distribution.release",
          "host.os.full",
          "host.os.kernel.name",
          "host.os.kernel.release",
          "host.os.kernel.version",
          "host.os.major",
          "host.os.minor",
          "host.os.name",
          "host.os.patch",
          "host.os.platform",
          "host.os.type",
          "host.os.version",
          "wazuh.cluster.name",
          "wazuh.cluster.node",
          "wazuh.schema.version"
        ],
        "refresh_interval": "5s"
      }
    },
    "mappings": {
      "date_detection": false,
      "dynamic": "strict",
      "properties": {
        "agent": {
          "properties": {
            "host": {
              "properties": {
                "architecture": {
                  "ignore_above": 1024,
                  "type": "keyword"
                },
                "ip": {
                  "type": "ip"
                }
              }
            },
            "id": {
              "ignore_above": 1024,
              "type": "keyword"
            },
            "name": {
              "ignore_above": 1024,
              "type": "keyword"
            },
            "version": {
              "ignore_above": 1024,
              "type": "keyword"
            }
          }
        },
        "host": {
          "properties": {
            "architecture": {
              "ignore_above": 1024,
              "type": "keyword"
            },
            "hostname": {
              "ignore_above": 1024,
              "type": "keyword"
            },
            "os": {
              "properties": {
                "build": {
                  "ignore_above": 1024,
                  "type": "keyword"
                },
                "codename": {
                  "ignore_above": 1024,
                  "type": "keyword"
                },
                "distribution": {
                  "properties": {
                    "release": {
                      "ignore_above": 1024,
                      "type": "keyword"
                    }
                  }
                },
                "full": {
                  "ignore_above": 1024,
                  "type": "keyword"
                },
                "kernel": {
                  "properties": {
                    "name": {
                      "ignore_above": 1024,
                      "type": "keyword"
                    },
                    "release": {
                      "ignore_above": 1024,
                      "type": "keyword"
                    },
                    "version": {
                      "ignore_above": 1024,
                      "type": "keyword"
                    }
                  }
                },
                "major": {
                  "ignore_above": 1024,
                  "type": "keyword"
                },
                "minor": {
                  "ignore_above": 1024,
                  "type": "keyword"
                },
                "name": {
                  "ignore_above": 1024,
                  "type": "keyword"
                },
                "patch": {
                  "ignore_above": 1024,
                  "type": "keyword"
                },
                "platform": {
                  "ignore_above": 1024,
                  "type": "keyword"
                },
                "type": {
                  "ignore_above": 1024,
                  "type": "keyword"
                },
                "version": {
                  "ignore_above": 1024,
                  "type": "keyword"
                }
              }
            }
          }
        },
        "wazuh": {
          "properties": {
            "cluster": {
              "properties": {
                "name": {
                  "ignore_above": 1024,
                  "type": "keyword"
                },
                "node": {
                  "ignore_above": 1024,
                  "type": "keyword"
                }
              }
            },
            "schema": {
              "properties": {
                "version": {
                  "ignore_above": 1024,
                  "type": "keyword"
                }
              }
            }
          }
        }
      }
    }
  }
}
