[
  {
    "id": "alert_001",
    "timestamp": "2025-01-15T08:23:15.123456+0000",
    "src_ip": "45.142.214.123",
    "dest_ip": "192.168.1.10",
    "sid": 2100361,
    "signature": "ET SCAN Potential SSH Brute-Force attempt",
    "category": "Attempted Information Leak",
    "severity": "medium",
    "normalized_type": "credential_stuffing",
    "chosen_rule_id": "credential-stuffing-basic",
    "attributes": {
      "attacker_ip": "45.142.214.123",
      "target_subnet": "192.168.1.10/32",
      "offender_asn": "AS13335",
      "offender_country": "RU"
    },
    "actions": [
      {
        "provider": "waf",
        "name": "challenge",
        "params": {
          "scope": "route",
          "route": "/ssh",
          "ttl_s": 900
        }
      },
      {
        "provider": "waf",
        "name": "block_ip",
        "params": {
          "ip": "45.142.214.123",
          "ttl_s": 1800
        }
      }
    ],
    "processing_time_ms": 45,
    "confidence_score": 0.92
  },
  {
    "id": "alert_002",
    "timestamp": "2025-01-15T08:25:33.234567+0000",
    "src_ip": "185.220.101.42",
    "dest_ip": "192.168.1.20",
    "sid": 2010935,
    "signature": "ET WEB_SPECIFIC_APPS SQL Injection Attempt UNION SELECT",
    "category": "Web Application Attack",
    "severity": "high",
    "normalized_type": "sqli",
    "chosen_rule_id": "sqli-tighten",
    "attributes": {
      "attacker_ip": "185.220.101.42",
      "route": "/api/v1/login",
      "target_subnet": "192.168.1.20/32",
      "offender_asn": "AS16276",
      "offender_country": "FR"
    },
    "actions": [
      {
        "provider": "waf",
        "name": "virtual_patch",
        "params": {
          "route": "/api/v1/login",
          "rule": "sqli_strict",
          "ttl_s": 3600
        }
      },
      {
        "provider": "waf",
        "name": "block_ip",
        "params": {
          "ip": "185.220.101.42",
          "ttl_s": 3600
        }
      }
    ],
    "processing_time_ms": 38,
    "confidence_score": 0.98
  },
  {
    "id": "alert_003",
    "timestamp": "2025-01-15T08:27:45.345678+0000",
    "src_ip": "203.0.113.89",
    "dest_ip": "192.168.1.30",
    "sid": 2402000,
    "signature": "ET DOS Possible TCP SYN flood",
    "category": "Potential Denial of Service",
    "severity": "high",
    "normalized_type": "ddos_l3l4",
    "chosen_rule_id": "ddos-l3l4-ramp",
    "attributes": {
      "attacker_ip": "203.0.113.89",
      "target_subnet": "192.168.1.30/32",
      "offender_asn": "AS8075",
      "offender_country": "US"
    },
    "actions": [
      {
        "provider": "firewall",
        "name": "rate_limit_subnet",
        "params": {
          "subnet": "192.168.1.30/32",
          "pps": 50000,
          "ttl_s": 1200
        }
      },
      {
        "provider": "firewall",
        "name": "block_asn",
        "params": {
          "asn": "AS8075",
          "ttl_s": 1800
        }
      },
      {
        "provider": "waf",
        "name": "rate_limit_global",
        "params": {
          "rate_per_5m": 2000,
          "ttl_s": 1200
        }
      }
    ],
    "processing_time_ms": 52,
    "confidence_score": 0.89
  },
  {
    "id": "alert_004",
    "timestamp": "2025-01-15T08:30:12.456789+0000",
    "src_ip": "185.220.101.5",
    "dest_ip": "192.168.1.40",
    "sid": 2023001,
    "signature": "ET TOR Known Tor Exit Node Traffic group 3",
    "category": "Misc Attack",
    "severity": "medium",
    "normalized_type": "ioc_match",
    "chosen_rule_id": "ioc-hit",
    "attributes": {
      "attacker_ip": "185.220.101.5",
      "ioc_ip": "185.220.101.5",
      "target_subnet": "192.168.1.40/32",
      "offender_asn": "AS16276",
      "offender_country": "FR"
    },
    "actions": [
      {
        "provider": "waf",
        "name": "block_ip",
        "params": {
          "ip": "185.220.101.5",
          "ttl_s": 3600
        }
      },
      {
        "provider": "firewall",
        "name": "block_ip",
        "params": {
          "ip": "185.220.101.5",
          "ttl_s": 3600
        }
      }
    ],
    "processing_time_ms": 29,
    "confidence_score": 0.95
  },
  {
    "id": "alert_005",
    "timestamp": "2025-01-15T08:32:28.567890+0000",
    "src_ip": "198.51.100.156",
    "dest_ip": "192.168.1.50",
    "sid": 2013504,
    "signature": "ET WEB_SERVER Possible Path Traversal Attack",
    "category": "Web Application Attack",
    "severity": "medium",
    "normalized_type": "path_traversal",
    "chosen_rule_id": "path-traversal-virtual-patch",
    "attributes": {
      "attacker_ip": "198.51.100.156",
      "route": "/admin/../../../etc/passwd",
      "target_subnet": "192.168.1.50/32",
      "offender_asn": "AS15169",
      "offender_country": "US"
    },
    "actions": [
      {
        "provider": "waf",
        "name": "virtual_patch",
        "params": {
          "route": "/admin/../../../etc/passwd",
          "rule": "path_traversal_strict",
          "ttl_s": 3600
        }
      },
      {
        "provider": "waf",
        "name": "block_ip",
        "params": {
          "ip": "198.51.100.156",
          "ttl_s": 1800
        }
      }
    ],
    "processing_time_ms": 41,
    "confidence_score": 0.87
  },
  {
    "id": "alert_006",
    "timestamp": "2025-01-15T08:35:44.678901+0000",
    "src_ip": "91.240.118.172",
    "dest_ip": "192.168.1.10",
    "sid": 2100361,
    "signature": "ET SCAN Potential SSH Brute-Force attempt",
    "category": "Attempted Information Leak",
    "severity": "medium",
    "normalized_type": "credential_stuffing",
    "chosen_rule_id": "credential-stuffing-basic",
    "attributes": {
      "attacker_ip": "91.240.118.172",
      "target_subnet": "192.168.1.10/32",
      "offender_asn": "AS49505",
      "offender_country": "RU"
    },
    "actions": [
      {
        "provider": "waf",
        "name": "challenge",
        "params": {
          "scope": "route",
          "route": "/ssh",
          "ttl_s": 900
        }
      },
      {
        "provider": "waf",
        "name": "block_ip",
        "params": {
          "ip": "91.240.118.172",
          "ttl_s": 1800
        }
      }
    ],
    "processing_time_ms": 33,
    "confidence_score": 0.91
  }
]
