{
  "id": "wazuh",
  "version": "4.14.0-03",
  "opensearchDashboardsVersion": "2.19.3",
  "configPath": [
    "wazuh"
  ],
  "requiredPlugins": [
    "navigation",
    "data",
    "dashboard",
    "embeddable",
    "discover",
    "inspector",
    "visualizations",
    "uiActions",
    "charts",
    "savedObjects",
    "opensearchDashboardsReact",
    "opensearchDashboardsUtils",
    "opensearchDashboardsLegacy",
    "wazuhCheckUpdates",
    "wazuhCore"
  ],
  "optionalPlugins": [
    "security",
    "securityDashboards",
    "searchguard",
    "telemetry"
  ],
  "server": true,
  "ui": true
}