{
  "index_patterns": ["wazuh-states-inventory-groups*"],
  "priority": 1,
  "template": {
    "settings": {
      "index": {
        "auto_expand_replicas": "0-1",
        "number_of_replicas": "0",
        "number_of_shards": "1",
        "query.default_field": [
          "group.name",
          "group.description",
          "group.id_signed",
          "group.uuid",
          "group.users"
        ],
        "refresh_interval": "5s"
      }
    },
    "mappings": {
      "date_detection": false,
      "dynamic": "strict",
      "properties": {
        "agent": {
          "properties": {
            "host": {
              "properties": {
                "architecture": {
                  "ignore_above": 1024,
                  "type": "keyword"
                },
                "ip": {
                  "type": "ip"
                }
              }
            },
            "id": {
              "ignore_above": 1024,
              "type": "keyword"
            },
            "name": {
              "ignore_above": 1024,
              "type": "keyword"
            },
            "version": {
              "ignore_above": 1024,
              "type": "keyword"
            }
          }
        },
        "group": {
          "properties": {
            "description": {
              "type": "match_only_text"
            },
            "id": {
              "type": "unsigned_long"
            },
            "id_signed": {
              "type": "long"
            },
            "is_hidden": {
              "type": "boolean"
            },
            "name": {
              "ignore_above": 1024,
              "type": "keyword"
            },
            "users": {
              "ignore_above": 1024,
              "type": "keyword"
            },
            "uuid": {
              "ignore_above": 1024,
              "type": "keyword"
            }
          }
        },
        "wazuh": {
          "properties": {
            "cluster": {
              "properties": {
                "name": {
                  "ignore_above": 1024,
                  "type": "keyword"
                },
                "node": {
                  "ignore_above": 1024,
                  "type": "keyword"
                }
              }
            },
            "schema": {
              "properties": {
                "version": {
                  "ignore_above": 1024,
                  "type": "keyword"
                }
              }
            }
          }
        }
      }
    }
  }
}
