{
  "index_patterns": ["wazuh-states-inventory-hardware*"],
  "priority": 1,
  "template": {
    "settings": {
      "index": {
        "number_of_replicas": "0",
        "number_of_shards": "1",
        "query.default_field": ["host.serial_number"],
        "refresh_interval": "5s"
      }
    },
    "mappings": {
      "date_detection": false,
      "dynamic": "strict",
      "properties": {
        "agent": {
          "properties": {
            "host": {
              "properties": {
                "architecture": {
                  "ignore_above": 1024,
                  "type": "keyword"
                },
                "ip": {
                  "type": "ip"
                }
              }
            },
            "id": {
              "ignore_above": 1024,
              "type": "keyword"
            },
            "name": {
              "ignore_above": 1024,
              "type": "keyword"
            },
            "version": {
              "ignore_above": 1024,
              "type": "keyword"
            }
          }
        },
        "host": {
          "properties": {
            "cpu": {
              "properties": {
                "cores": {
                  "type": "byte"
                },
                "name": {
                  "ignore_above": 1024,
                  "type": "keyword"
                },
                "speed": {
                  "type": "long"
                }
              }
            },
            "memory": {
              "properties": {
                "free": {
                  "type": "long"
                },
                "total": {
                  "type": "long"
                },
                "usage": {
                  "scaling_factor": 100,
                  "type": "scaled_float"
                },
                "used": {
                  "type": "long"
                }
              }
            },
            "serial_number": {
              "ignore_above": 1024,
              "type": "keyword"
            }
          }
        },
        "wazuh": {
          "properties": {
            "cluster": {
              "properties": {
                "name": {
                  "ignore_above": 1024,
                  "type": "keyword"
                },
                "node": {
                  "ignore_above": 1024,
                  "type": "keyword"
                }
              }
            },
            "schema": {
              "properties": {
                "version": {
                  "ignore_above": 1024,
                  "type": "keyword"
                }
              }
            }
          }
        }
      }
    }
  }
}
