{"timestamp":"2025-09-07T12:00:01.111111+0000","flow_id":111111111111111,"in_iface":"eth0","event_type":"alert","src_ip":"203.0.113.10","src_port":51512,"dest_ip":"192.0.2.10","dest_port":22,"proto":"TCP","alert":{"action":"allowed","gid":1,"signature_id":2100361,"rev":3,"signature":"ET SCAN Potential SSH Brute-Force attempt","category":"Attempted Information Leak","severity":2}}
{"timestamp":"2025-09-07T12:00:05.222222+0000","flow_id":222222222222222,"in_iface":"eth0","event_type":"alert","src_ip":"198.51.100.23","src_port":43111,"dest_ip":"192.0.2.20","dest_port":443,"proto":"TCP","http":{"hostname":"api.example.com","url":"/login","http_user_agent":"sqlmap/1.7","http_method":"POST","status":200,"length":450},"alert":{"action":"blocked","gid":1,"signature_id":2010935,"rev":2,"signature":"ET WEB_SPECIFIC_APPS SQL Injection Attempt UNION SELECT","category":"Web Application Attack","severity":1}}
{"timestamp":"2025-09-07T12:00:12.333333+0000","flow_id":333333333333333,"in_iface":"eth1","event_type":"alert","src_ip":"45.67.89.200","src_port":45231,"dest_ip":"192.0.2.30","dest_port":80,"proto":"TCP","alert":{"action":"allowed","gid":1,"signature_id":2402000,"rev":1,"signature":"ET DOS Possible NMAP TCP SYN flood","category":"Potential Denial of Service","severity":1}}
{"timestamp":"2025-09-07T12:00:20.444444+0000","flow_id":444444444444444,"in_iface":"eth2","event_type":"alert","src_ip":"185.220.101.5","src_port":60001,"dest_ip":"192.0.2.40","dest_port":443,"proto":"TCP","alert":{"action":"allowed","gid":1,"signature_id":2023001,"rev":1,"signature":"ET TOR Known Tor Exit Node Traffic group 3","category":"Misc Attack","severity":2}}
