{
  "overview": {
    "last_updated": "2025-01-15T09:00:00.000000+0000",
    "time_range": "24h",
    "total_alerts": 2847,
    "processed_alerts": 2834,
    "actions_executed": 1456,
    "actions_successful": 1423,
    "actions_failed": 33,
    "average_response_time_ms": 287,
    "system_health": "healthy"
  },
  "threat_distribution": {
    "by_type": [
      {"type": "credential_stuffing", "count": 892, "percentage": 31.4, "trend": "+12%"},
      {"type": "sqli", "count": 567, "percentage": 19.9, "trend": "+8%"},
      {"type": "ddos_l3l4", "count": 445, "percentage": 15.6, "trend": "+25%"},
      {"type": "ioc_match", "count": 389, "percentage": 13.7, "trend": "-5%"},
      {"type": "path_traversal", "count": 234, "percentage": 8.2, "trend": "+3%"},
      {"type": "xss", "count": 178, "percentage": 6.3, "trend": "-2%"},
      {"type": "other", "count": 142, "percentage": 5.0, "trend": "+1%"}
    ],
    "by_severity": [
      {"severity": "critical", "count": 234, "percentage": 8.2, "color": "#dc2626"},
      {"severity": "high", "count": 892, "percentage": 31.4, "color": "#ea580c"},
      {"severity": "medium", "count": 1345, "percentage": 47.3, "color": "#d97706"},
      {"severity": "low", "count": 376, "percentage": 13.2, "color": "#65a30d"}
    ]
  },
  "geographic_threats": {
    "by_country": [
      {"country": "RU", "country_name": "Russia", "count": 756, "percentage": 26.6, "blocked": 723},
      {"country": "CN", "country_name": "China", "count": 634, "percentage": 22.3, "blocked": 612},
      {"country": "US", "country_name": "United States", "count": 445, "percentage": 15.6, "blocked": 89},
      {"country": "BR", "country_name": "Brazil", "count": 289, "percentage": 10.2, "blocked": 267},
      {"country": "IN", "country_name": "India", "count": 234, "percentage": 8.2, "blocked": 198},
      {"country": "VN", "country_name": "Vietnam", "count": 178, "percentage": 6.3, "blocked": 156},
      {"country": "FR", "country_name": "France", "count": 156, "percentage": 5.5, "blocked": 45},
      {"country": "OTHER", "country_name": "Others", "count": 155, "percentage": 5.4, "blocked": 89}
    ],
    "coordinates": [
      {"lat": 55.7558, "lng": 37.6176, "country": "RU", "count": 756, "city": "Moscow"},
      {"lat": 39.9042, "lng": 116.4074, "country": "CN", "count": 634, "city": "Beijing"},
      {"lat": 37.7749, "lng": -122.4194, "country": "US", "count": 445, "city": "San Francisco"},
      {"lat": -23.5505, "lng": -46.6333, "country": "BR", "count": 289, "city": "São Paulo"},
      {"lat": 28.7041, "lng": 77.1025, "country": "IN", "count": 234, "city": "New Delhi"},
      {"lat": 21.0285, "lng": 105.8542, "country": "VN", "count": 178, "city": "Hanoi"},
      {"lat": 48.8566, "lng": 2.3522, "country": "FR", "count": 156, "city": "Paris"}
    ]
  },
  "response_actions": {
    "by_provider": [
      {"provider": "waf", "count": 1089, "success_rate": 97.8, "avg_time_ms": 234},
      {"provider": "firewall", "count": 367, "success_rate": 95.1, "avg_time_ms": 445}
    ],
    "by_action_type": [
      {"action": "block_ip", "count": 892, "success_rate": 98.2, "provider": "waf"},
      {"action": "virtual_patch", "count": 234, "success_rate": 96.6, "provider": "waf"},
      {"action": "challenge", "count": 189, "success_rate": 99.5, "provider": "waf"},
      {"action": "rate_limit_subnet", "count": 156, "success_rate": 94.2, "provider": "firewall"},
      {"action": "block_asn", "count": 123, "success_rate": 96.7, "provider": "firewall"},
      {"action": "geo_block", "count": 89, "success_rate": 100.0, "provider": "waf"}
    ],
    "effectiveness": {
      "blocked_attacks": 1389,
      "mitigated_attacks": 234,
      "false_positives": 23,
      "false_positive_rate": 1.6,
      "average_mitigation_time": "2.3 minutes"
    }
  },
  "time_series": {
    "alerts_hourly": [
      {"hour": "00:00", "count": 89, "blocked": 67},
      {"hour": "01:00", "count": 76, "blocked": 54},
      {"hour": "02:00", "count": 92, "blocked": 71},
      {"hour": "03:00", "count": 134, "blocked": 98},
      {"hour": "04:00", "count": 156, "blocked": 123},
      {"hour": "05:00", "count": 189, "blocked": 145},
      {"hour": "06:00", "count": 234, "blocked": 189},
      {"hour": "07:00", "count": 289, "blocked": 234},
      {"hour": "08:00", "count": 345, "blocked": 278},
      {"hour": "09:00", "count": 298, "blocked": 245},
      {"hour": "10:00", "count": 267, "blocked": 198},
      {"hour": "11:00", "count": 234, "blocked": 178},
      {"hour": "12:00", "count": 198, "blocked": 156},
      {"hour": "13:00", "count": 178, "blocked": 134},
      {"hour": "14:00", "count": 156, "blocked": 123},
      {"hour": "15:00", "count": 134, "blocked": 98},
      {"hour": "16:00", "count": 123, "blocked": 89},
      {"hour": "17:00", "count": 98, "blocked": 76},
      {"hour": "18:00", "count": 89, "blocked": 67},
      {"hour": "19:00", "count": 76, "blocked": 54},
      {"hour": "20:00", "count": 67, "blocked": 45},
      {"hour": "21:00", "count": 54, "blocked": 34},
      {"hour": "22:00", "count": 45, "blocked": 29},
      {"hour": "23:00", "count": 34, "blocked": 23}
    ]
  },
  "top_threats": {
    "ips": [
      {"ip": "45.142.214.123", "country": "RU", "attacks": 234, "blocked": 234, "type": "credential_stuffing"},
      {"ip": "185.220.101.42", "country": "FR", "attacks": 189, "blocked": 189, "type": "sqli"},
      {"ip": "203.0.113.89", "country": "US", "attacks": 156, "blocked": 156, "type": "ddos_l3l4"},
      {"ip": "91.240.118.172", "country": "RU", "attacks": 134, "blocked": 133, "type": "credential_stuffing"},
      {"ip": "198.51.100.156", "country": "US", "attacks": 98, "blocked": 98, "type": "path_traversal"}
    ],
    "asns": [
      {"asn": "AS13335", "name": "Cloudflare Inc", "attacks": 445, "blocked": 423, "countries": ["RU", "CN"]},
      {"asn": "AS16276", "name": "OVH SAS", "attacks": 389, "blocked": 378, "countries": ["FR", "CA"]},
      {"asn": "AS8075", "name": "Microsoft Corporation", "attacks": 234, "blocked": 198, "countries": ["US"]},
      {"asn": "AS49505", "name": "JSC Selectel", "attacks": 189, "blocked": 187, "countries": ["RU"]},
      {"asn": "AS15169", "name": "Google LLC", "attacks": 156, "blocked": 134, "countries": ["US"]}
    ]
  },
  "system_performance": {
    "processing_metrics": {
      "alerts_per_second": 3.2,
      "actions_per_second": 1.7,
      "average_processing_time_ms": 287,
      "queue_depth": 12,
      "error_rate_percent": 2.3
    },
    "resource_usage": {
      "cpu_percent": 34.5,
      "memory_percent": 67.8,
      "disk_usage_percent": 23.4,
      "network_throughput_mbps": 45.6
    },
    "uptime": {
      "current_uptime_hours": 168,
      "availability_percent": 99.97,
      "last_restart": "2025-01-08T10:00:00.000000+0000"
    }
  },
  "policy_effectiveness": {
    "rules": [
      {"rule_id": "credential-stuffing-basic", "triggered": 892, "success_rate": 98.2, "false_positives": 8},
      {"rule_id": "sqli-tighten", "triggered": 567, "success_rate": 96.6, "false_positives": 12},
      {"rule_id": "ddos-l3l4-ramp", "triggered": 445, "success_rate": 94.2, "false_positives": 3},
      {"rule_id": "ioc-hit", "triggered": 389, "success_rate": 100.0, "false_positives": 0},
      {"rule_id": "path-traversal-virtual-patch", "triggered": 234, "success_rate": 97.4, "false_positives": 2}
    ],
    "recent_changes": [
      {
        "timestamp": "2025-01-15T08:40:00.000000+0000",
        "rule_id": "credential-stuffing-basic",
        "change": "Increased TTL from 1800s to 3600s",
        "reason": "Persistent attacks from same sources"
      }
    ]
  }
}
