{
  "AWS-AWSManagedRulesAmazonIpReputationList:AWSManagedReconnaissanceList": {
    "custom_rule_name": "Block_AWSManagedReconnaissanceList_ExceptCertainPaths",
    "ip_list": [
      "1.1.1.1/32"
    ],
    "domain_list": [],
    "ip_set_arn": "arn:aws:wafv2:us-east-2:883111488482:regional/ipset/ALLOWED_IPS_AWSManagedReconnaissanceList/ed4ee92b-7acc-43fe-8aef-36f900765b39",
    "regex_set_arn": null,
    "created_at": "2025-09-26T12:44:09.851566"
  },
  "AWS-AWSManagedRulesAmazonIpReputationList:AWSManagedIPReputationList": {
    "custom_rule_name": "Block_AWSManagedIPReputationList_ExceptCertainPaths",
    "ip_list": [
      "1.1.1.5/32",
      "1.1.1.1/32",
      "1.2.3.4/32"
    ],
    "domain_list": [
      "b.com.*.*.*.*.*"
    ],
    "ip_set_arn": "arn:aws:wafv2:us-east-2:883111488482:regional/ipset/ALLOWED_IPS_AWSManagedIPReputationList/b1b64eda-5fd4-43b7-bac8-4a2b59d049ce",
    "regex_set_arn": "arn:aws:wafv2:us-east-2:883111488482:regional/regexpatternset/ALLOWED_DOMAINS_AWSManagedIPReputationList/a819ccbb-b7f1-45bb-a01e-f2453f005db1",
    "created_at": "2025-09-28T17:41:19.212493"
  },
  "AWS-AWSManagedRulesCommonRuleSet:CrossSiteScripting_QUERYARGUMENTS": {
    "custom_rule_name": "Block_CrossSiteScripting_QUERYARGUMENTS_ExceptCertainPaths",
    "ip_list": [
      "1.1.1.1/32"
    ],
    "domain_list": [],
    "ip_set_arn": "arn:aws:wafv2:us-east-2:883111488482:regional/ipset/ALLOWED_IPS_CrossSiteScripting_QUERYARGUMENTS/168241eb-4b63-410a-8efd-6b2d6dbf9cab",
    "regex_set_arn": null,
    "created_at": "2025-09-26T12:50:49.828330"
  },
  "AWS-AWSManagedRulesLinuxRuleSet:LFI_HEADER": {
    "custom_rule_name": "Block_LFI_HEADER_ExceptCertainPaths",
    "ip_list": [
      "1.1.1.1/32"
    ],
    "domain_list": [],
    "ip_set_arn": "arn:aws:wafv2:us-east-2:883111488482:regional/ipset/ALLOWED_IPS_LFI_HEADER/be38b686-2e1a-406e-9d14-f8160cd26ba9",
    "regex_set_arn": null,
    "created_at": "2025-09-26T12:52:54.237933"
  },
  "AWS-AWSManagedRulesCommonRuleSet:EC2MetaDataSSRF_BODY": {
    "custom_rule_name": "Block_EC2MetaDataSSRF_BODY_ExceptCertainPaths",
    "ip_list": [
      "1.1.1.1/32"
    ],
    "domain_list": [
      "a.com"
    ],
    "ip_set_arn": "arn:aws:wafv2:us-east-2:883111488482:regional/ipset/ALLOWED_IPS_EC2MetaDataSSRF_BODY/90c07fd1-892e-4bb9-a717-aaedbc6aef71",
    "regex_set_arn": "arn:aws:wafv2:us-east-2:883111488482:regional/regexpatternset/ALLOWED_DOMAINS_EC2MetaDataSSRF_BODY/243e73f2-0b34-4755-8315-f548b75aa37f",
    "created_at": "2025-10-07T17:41:59.416784"
  }
}